prot_desc,position,site_residue,probability,prediction
sp|P0A901,11,T,0.0010705348,0
sp|P0A901,20,S,0.033502724,0
sp|P0A901,21,S,0.121321864,0
sp|P0A901,23,T,0.20097938,0
sp|P0A901,29,T,0.980843,1
sp|P0A901,42,T,0.69704586,1
sp|P0A901,61,T,0.9653513,1
sp|P0A901,63,T,0.99647087,1
sp|P0A901,65,S,0.90412134,1
sp|P0A901,89,S,0.93808365,1
sp|P0A901,96,T,0.98630923,1
sp|P0A901,100,T,0.9168914,1
sp|P0A901,107,S,0.6994939,1
sp|P0A901,142,S,0.9762552,1
sp|P0A901,144,T,0.08583829,0
sp|P0A901,146,T,0.8696421,1
sp|P0A901,148,S,0.9892178,1
sp|P0A901,160,T,0.994915,1
sp|P0A901,167,S,0.9813597,1
sp|P0A901,177,S,0.05435162,0
sp|P09030,5,S,0.9026333,1
sp|P09030,35,T,0.14348263,0
sp|P09030,69,T,0.9602364,1
sp|P09030,72,T,0.84194386,1
sp|P09030,98,S,0.017819306,0
sp|P09030,104,T,0.058555182,0
sp|P09030,115,S,0.9254694,1
sp|P09030,138,T,0.9700452,1
sp|P09030,155,S,0.003768012,0
sp|P09030,157,T,0.010753703,0
sp|P09030,174,T,0.107033655,0
sp|P09030,178,S,0.87508404,1
sp|P09030,192,S,0.8813662,1
sp|P09030,198,T,0.45169866,0
sp|P09030,206,T,0.9321823,1
sp|P09030,211,S,0.3936918,0
sp|P09030,217,S,0.8901234,1
sp|P09030,234,S,0.07526961,0
sp|P09030,244,T,0.016845135,0
sp|P09030,252,S,0.12385099,0
sp|P09030,257,S,0.6029305,1
sp|P09030,265,T,0.94758755,1
sp|P06996,7,S,0.03751012,0
sp|P06996,45,S,0.99705756,1
sp|P06996,55,T,0.56623656,1
sp|P06996,65,T,0.030882394,0
sp|P06996,68,T,0.37257704,0
sp|P06996,72,T,0.020637786,0
sp|P06996,85,S,0.016634256,0
sp|P06996,92,S,0.009552066,0
sp|P06996,94,T,0.81314325,1
sp|P06996,108,S,0.97734,1
sp|P06996,122,T,0.0032332097,0
sp|P06996,123,S,0.002233781,0
sp|P06996,125,T,0.009893878,0
sp|P06996,135,T,0.0009095083,0
sp|P06996,138,S,0.8963636,1
sp|P06996,151,T,0.70489544,1
sp|P06996,155,T,0.47357708,0
sp|P06996,178,S,0.9750414,1
sp|P06996,183,T,0.8111844,1
sp|P06996,184,S,0.96563345,1
sp|P06996,187,T,0.7802582,1
sp|P06996,204,S,0.060375217,0
sp|P06996,206,T,0.14968412,0
sp|P06996,219,S,0.9172426,1
sp|P06996,220,S,0.97494966,1
sp|P06996,221,S,0.8434747,1
sp|P06996,224,T,0.44292104,0
sp|P06996,229,T,0.62094796,1
sp|P06996,241,T,0.6338861,1
sp|P06996,243,T,0.8861654,1
sp|P06996,260,T,0.31147072,0
sp|P06996,262,T,0.52618074,1
sp|P06996,266,T,0.97894317,1
sp|P06996,270,S,0.8308312,1
sp|P06996,295,S,0.03242834,0
sp|P06996,301,S,0.9828696,1
sp|P06996,324,T,0.9765938,1
sp|P06996,332,S,0.3278341,0
sp|P06996,333,T,0.0015914632,0
sp|P06996,348,T,0.8945427,1
sp|P06996,355,T,0.6134149,1
